{
  "name": "bootstrap-css",
  "version": "3.0.0",
  "keywords": [
    "twitter",
    "bootstrap",
    "twitter-bootstrap",
    "css",
    "bootstrap.js"
  ],
  "main": [
    "css/bootstrap.min.css",
    "js/bootstrap.min.js"
  ],
  "homepage": "http://getbootstrap.com/",
  "author": {
    "name": "Twitter Inc."
  },
  "repository": {
    "type": "git",
    "url": "git://github.com/jozefizso/bower-bootstrap-css.git"
  },
  "licenses": [
    {
      "type": "Apache-2.0",
      "url": "http://www.apache.org/licenses/LICENSE-2.0"
    }
  ],
  "readme": "Bootstrap 3 CSS Library",
  "_id": "bootstrap-css@3.0.0",
  "_release": "3.0.0",
  "_resolution": {
    "type": "version",
    "tag": "3.0.0",
    "commit": "5ef81f33a9e4e5b107b7af526da498c16c89e558"
  },
  "_source": "git://github.com/jozefizso/bower-bootstrap-css.git",
  "_target": "*",
  "_originalSource": "bootstrap-css"
}