{
  "name": "messenger",
  "repo": "HubSpot/messenger",
  "description": "Client-side growl-like notifications with actions and auto-retry.",
  "version": "1.4.0",
  "homepage": "http://github.hubspot.com/messenger",
  "authors": [
    "Zack Bloom <aschwartz@hubspot.com>",
    "Adam Schwartz <aschwartz@hubspot.com>"
  ],
  "license": "MIT",
  "keywords": [
    "client-side",
    "notification",
    "toast",
    "growl",
    "ajax"
  ],
  "main": [
    "build/js/messenger.js",
    "build/js/messenger-theme-future.js",
    "build/js/messenger-theme-flat.js",
    "build/css/messenger.css",
    "build/css/messenger-theme-future.css",
    "build/css/messenger-theme-flat.css",
    "build/css/messenger-theme-block.css",
    "build/css/messenger-theme-air.css",
    "build/css/messenger-theme-ice.css"
  ],
  "dependencies": {
    "jquery": "*"
  },
  "ignore": [
    "**/.*",
    "component.json",
    "Gruntfile.coffee",
    "lib/",
    "package.json",
    "SpecRunner.html",
    "spec/",
    "src/"
  ],
  "_release": "1.4.0",
  "_resolution": {
    "type": "version",
    "tag": "v1.4.0",
    "commit": "a597f54129f34889d347ae85795e82d3c8c916a1"
  },
  "_source": "git://github.com/HubSpot/messenger.git",
  "_target": "*",
  "_originalSource": "messenger"
}