{
  "name": "angular-kendo",
  "version": "0.6.0",
  "dependencies": {
    "kendo-ui": "~2013.1.319",
    "angular": "~1.0.5"
  },
  "devDependencies": {
    "jquery": "~1.9.1",
    "angular-mocks": "~1.0.7",
    "kendo-ui": "~2013.1.319"
  },
  "main": "build/angular-kendo.js",
  "homepage": "https://github.com/kendo-labs/angular-kendo",
  "_release": "0.6.0",
  "_resolution": {
    "type": "version",
    "tag": "0.6.0",
    "commit": "e17c29d95b7f430ae960ff9677989914fd1a8e5d"
  },
  "_source": "git://github.com/kendo-labs/angular-kendo.git",
  "_target": "*",
  "_originalSource": "angular-kendo-ui"
}