{
  "author": {
    "name": "https://github.com/angular-ui/bootstrap/graphs/contributors"
  },
  "name": "angular-bootstrap",
  "version": "0.9.0",
  "main": [
    "./ui-bootstrap-tpls.js"
  ],
  "dependencies": {
    "angular": ">=1"
  },
  "homepage": "https://github.com/angular-ui/bootstrap-bower",
  "_release": "0.9.0",
  "_resolution": {
    "type": "version",
    "tag": "0.9.0",
    "commit": "733b3e8fbb372c8244c465839a776a4a7db6e882"
  },
  "_source": "git://github.com/angular-ui/bootstrap-bower.git",
  "_target": "*",
  "_originalSource": "angular-bootstrap"
}